,age,distanceFromElbowToMyoInCm,distanceFromElbowToUlnaInCm,armPerimeterInCm
count,100.0,100.0,100.0,100.0
mean,24.32,10.443000000000001,25.451,27.225
std,7.942825998880048,9.988561690577107,2.2767820193501977,20.340676145610452
min,18.0,3.0,19.0,19.0
25%,20.0,7.75,24.0,23.375
50%,22.0,9.0,25.75,25.0
75%,24.0,11.0,27.0,26.0
max,54.0,105.0,31.0,225.0
