,mean,std,min,max,range
count,800.0,800.0,800.0,800.0,800.0
mean,-0.837470321454595,14.102079064684638,-73.6925,69.40375,143.09625
std,0.7557516208204149,12.568463430217493,39.56921274167892,41.254189133818414,79.80010687498529
min,-4.033132530120482,2.167156984913409,-128.0,10.0,23.0
25%,-1.0619656695191226,4.854454704131824,-118.25,32.0,69.0
50%,-0.9304705574008458,8.758825237621586,-66.0,58.0,123.0
75%,-0.738824513345131,18.979744204202607,-37.0,116.0,231.0
max,7.645372233400402,59.19403769217037,-13.0,127.0,255.0
